{
  "type": "apoli:modify_falling",
  "velocity": 0.02,
  "take_fall_damage": false,
  "condition": {
    "type": "origins:or",
    "conditions": [
      {
        "type": "origins:and",
        "conditions": [
          {
            "type": "origins:sneaking"
          },
          {
            "type": "origins:fall_flying"
          },
          {
            "type": "origins:fluid_height",
            "fluid": "minecraft:lava",
            "comparison": "<=",
            "compare_to": 0.4,
            "inverted": true
          }
        ]
      },
      {
        "type": "origins:and",
        "conditions": [
          {
            "type": "origins:sneaking",
            "inverted": true
          },
          {
            "type": "origins:fall_flying",
            "inverted": true
          },
          {
            "type": "origins:fluid_height",
            "fluid": "minecraft:lava",
            "comparison": "<=",
            "compare_to": 0.4,
            "inverted": true
          }
        ]
      }
    ]
  },
  "hidden": true
}