{
  "anvil_cost": 1,
  "description": {
    "translate": "Light Weight"
  },
  "effects": {
    "minecraft:attributes": [
      {
        "amount": {
          "type": "minecraft:linear",
          "base": -0.15,
          "per_level_above_first": -0.15
        },
        "attribute": "minecraft:generic.knockback_resistance",
        "id": "enchant_plus:enchantment.light_weight",
        "name": "Knockback Resistance",
        "operation": "add_value"
      },
      {
        "amount": {
          "type": "minecraft:linear",
          "base": -0.02,
          "per_level_above_first": -0.02
        },
        "attribute": "minecraft:generic.gravity",
        "id": "enchant_plus:enchantment.light_weight",
        "name": "Light Weight",
        "operation": "add_value"
      },
      {
        "amount": {
          "type": "minecraft:linear",
          "base": -0.25,
          "per_level_above_first": -0.25
        },
        "attribute": "minecraft:generic.fall_damage_multiplier",
        "id": "enchant_plus:enchantment.light_weight",
        "name": "Light Weight",
        "operation": "add_value"
      }
    ]
  },
  "exclusive_set": "#enchant_plus:exclusive_set/elytra",
  "max_cost": {
    "base": 12,
    "per_level_above_first": 11
  },
  "max_level": 2,
  "min_cost": {
    "base": 1,
    "per_level_above_first": 11
  },
  "slots": [
    "chest"
  ],
  "supported_items": "#enchant_plus:enchantable/elytra",
  "weight": 10
}