{
  "parent": "minecraft:recipes/root",
  "criteria": {
    "has_gold_block": {
      "conditions": {
        "items": [
          {
            "items": "minecraft:gold_block"
          }
        ]
      },
      "trigger": "minecraft:inventory_changed"
    },
    "has_the_recipe": {
      "conditions": {
        "recipe": "reach:golden_claw"
      },
      "trigger": "minecraft:recipe_unlocked"
    }
  },
  "requirements": [
    [
      "has_the_recipe",
      "has_gold_block"
    ]
  ],
  "rewards": {
    "recipes": [
      "reach:golden_claw"
    ]
  }
}