{
  "type": "minecraft:crafting_shaped",
  "category": "equipment",
  "group": "reach",
  "pattern": [
    "010",
    " 2 ",
    " 3 "
  ],
  "key": {
    "0": {
      "item": "minecraft:string"
    },
    "1": {
      "item": "minecraft:diamond_pickaxe"
    },
    "2": {
      "item": "minecraft:diamond_block"
    },
    "3": {
      "item": "minecraft:stick"
    }
  },
  "result": {
    "id": "minecraft:diamond_pickaxe",
    "count": 1,
    "components": {
      "custom_name":"[{'text':'Diamond Claw','italic':false}]",
      "minecraft:unbreakable": {"show_in_tooltip": false},
      "attribute_modifiers":{"modifiers":[{"type":"player.block_interaction_range","id":"reach:player.block_interaction_range","name":"Reach1","amount":3.5,"operation":"add_value","slot":"offhand"},{"type":"player.entity_interaction_range","id":"reach:player.block_interaction_range","name":"Reach2","amount":1.5,"operation":"add_value","slot":"offhand"}]},
      "tool": {
        "rules": [
        ]
      }
    }
  }
}
