{
	"powers": [
		"origins:fire_immunity",
		"lava:swim_speed",
		"lava:slow_falling",
		"lava:lava_vision",
		"origins:nether_spawn",
		"origins:burning_wrath",
		"origins:hotblooded",
		"origins:water_vulnerability",
		"origins:flame_particles",
		"origins:damage_from_snowballs",
		"origins:damage_from_potions"
	],
		"icon": "minecraft:blaze_powder",
		"order": 10,
		"impact": 3,
		"name": "Blazeborn",
		"description": "Late descendants of the Blaze, the Blazeborn are naturally immune to the perils of the Nether."
	}