{
  "anvil_cost": 1,
  "description": {
    "translate": "Knockback Resistance"
  },
  "effects": {
    "minecraft:attributes": [
      {
        "amount": {
          "type": "minecraft:linear",
          "base": 0.15,
          "per_level_above_first": 0.15
        },
        "attribute": "minecraft:generic.knockback_resistance",
        "name": "Knockback Resistance",
        "operation": "add_value",
        "uuid": "0-1-438d-0-28d34"
      }
    ]
  },
  "exclusive_set": "#enchant_plus:exclusive_set/armor_chest",
  "max_cost": {
    "base": 12,
    "per_level_above_first": 11
  },
  "max_level": 4,
  "min_cost": {
    "base": 1,
    "per_level_above_first": 11
  },
  "slots": [
    "chest"
  ],
  "supported_items": "#minecraft:enchantable/chest_armor",
  "weight": 10
}